N_DISC,treatment_value_idx,EPOs_1,EPOs_2,true_effect
2,0,,4.670670032501221,3.5
2,1,5.260951042175293,,6.5
3,0,,4.256555557250977,3.5
3,1,4.921957969665527,5.001576900482178,5.0
3,2,5.677281856536865,,6.5
4,0,,3.379438877105713,3.5
4,1,4.486236572265625,4.7035393714904785,4.5
4,2,5.296555995941162,5.417850494384766,5.5
4,3,5.296201229095459,,6.5
5,0,,3.423642158508301,3.5
5,1,4.180412769317627,4.408412933349609,4.25
5,2,4.878783702850342,4.979772090911865,5.0
5,3,5.567695140838623,5.791157245635986,5.75
5,4,5.7665181159973145,,6.5
6,0,,3.771294116973877,3.5
6,1,4.027536869049072,4.205163955688477,4.1
6,2,4.565274715423584,4.677770614624023,4.7
6,3,5.201577663421631,5.344059467315674,5.3
6,4,5.676093578338623,5.8948469161987305,5.9
6,5,6.374992847442627,,6.5
7,0,,3.494459390640259,3.5
7,1,3.7769522666931152,4.070643901824951,4.0
7,2,4.367565631866455,4.524692058563232,4.5
7,3,4.949152946472168,4.97116756439209,5.0
7,4,5.348943710327148,5.443965911865234,5.5
7,5,5.701730728149414,6.1072869300842285,6.0
7,6,6.739037990570068,,6.5
8,0,,1.6822571754455566,3.5
8,1,3.4420275688171387,3.94439697265625,3.9285714285714284
8,2,4.0459418296813965,4.177365303039551,4.357142857142857
8,3,4.708028793334961,4.740285873413086,4.785714285714286
8,4,5.138660907745361,5.260035514831543,5.214285714285714
8,5,5.536092758178711,5.738574981689453,5.642857142857142
8,6,6.15960168838501,5.991095542907715,6.071428571428571
8,7,6.066678047180176,,6.5
9,0,,-1.3817613124847412,3.5
9,1,3.341066360473633,3.9670629501342773,3.875
9,2,4.16610860824585,4.137272834777832,4.25
9,3,4.534414768218994,4.534256458282471,4.625
9,4,4.934442043304443,4.984840393066406,5.0
9,5,5.278634548187256,5.363535404205322,5.375
9,6,5.636582851409912,5.80610990524292,5.75
9,7,5.805144786834717,5.764379501342773,6.125
9,8,4.965698719024658,,6.5
10,0,,-1.4214084148406982,3.5
10,1,3.061964511871338,3.273817777633667,3.8333333333333335
10,2,4.0075764656066895,4.084621906280518,4.166666666666667
10,3,4.380270004272461,4.413817405700684,4.5
10,4,4.701261043548584,4.684293270111084,4.833333333333333
10,5,5.018250465393066,5.116513252258301,5.166666666666667
10,6,5.545355796813965,5.884398460388184,5.5
10,7,5.895696640014648,5.905466556549072,5.833333333333334
10,8,5.693042755126953,4.838926792144775,6.166666666666666
10,9,11.513063430786133,,6.5
11,0,,-1.4037115573883057,3.5
11,1,3.7731404304504395,3.654191493988037,3.8
11,2,3.9594006538391113,3.836529493331909,4.1
11,3,3.990311861038208,4.159112453460693,4.4
11,4,4.6558098793029785,4.691093921661377,4.7
11,5,5.062464714050293,5.004661560058594,5.0
11,6,5.174293518066406,5.2116546630859375,5.3
11,7,5.438440322875977,5.728028774261475,5.6
11,8,5.873453617095947,5.991607666015625,5.9
11,9,5.843845367431641,5.389793872833252,6.2
11,10,11.530515670776367,,6.5
12,0,,-1.4493457078933716,3.5
12,1,3.7214672565460205,3.8623831272125244,3.7727272727272725
12,2,3.79311466217041,4.04147481918335,4.045454545454545
12,3,4.252652645111084,4.205515384674072,4.318181818181818
12,4,4.4789533615112305,4.447196006774902,4.590909090909091
12,5,4.693174839019775,4.751674175262451,4.863636363636363
12,6,5.117876052856445,5.235166549682617,5.136363636363637
12,7,5.4193291664123535,5.418565273284912,5.409090909090909
12,8,5.453113555908203,5.640326023101807,5.681818181818182
12,9,6.020001411437988,5.925381183624268,5.954545454545455
12,10,5.8308892250061035,6.106255054473877,6.227272727272727
12,11,11.528275489807129,,6.5
13,0,,-1.5879826545715332,3.5
13,1,3.0222513675689697,3.2926738262176514,3.75
13,2,3.4214916229248047,3.9639434814453125,4.0
13,3,4.156405925750732,4.1976399421691895,4.25
13,4,4.424980640411377,4.399891376495361,4.5
13,5,4.565196514129639,4.576607704162598,4.75
13,6,5.0436224937438965,5.00973653793335,5.0
13,7,5.065340518951416,5.1260809898376465,5.25
13,8,5.477182865142822,5.662312030792236,5.5
13,9,5.656505584716797,5.717853546142578,5.75
13,10,6.278651237487793,6.277276992797852,6.0
13,11,5.52376651763916,5.709575653076172,6.25
13,12,11.58952808380127,,6.5
14,0,,-1.5627920627593994,3.5
14,1,3.7372703552246094,4.407848358154297,3.730769230769231
14,2,3.4569053649902344,3.8236327171325684,3.9615384615384617
14,3,4.057531356811523,3.9749629497528076,4.1923076923076925
14,4,4.208828449249268,4.149505615234375,4.423076923076923
14,5,4.499358654022217,4.5507731437683105,4.653846153846154
14,6,4.781698703765869,4.797593116760254,4.884615384615385
14,7,5.0893168449401855,5.136501312255859,5.115384615384615
14,8,5.278230667114258,5.2698259353637695,5.346153846153847
14,9,5.571889400482178,5.826442718505859,5.576923076923077
14,10,5.750195026397705,5.801983833312988,5.807692307692308
14,11,5.992263317108154,5.733386039733887,6.038461538461538
14,12,5.336226940155029,6.560624122619629,6.269230769230769
14,13,11.600517272949219,,6.5
15,0,,-1.5627920627593994,3.5
15,1,3.7372703552246094,4.476718902587891,3.7142857142857144
15,2,3.328043222427368,3.601449728012085,3.9285714285714284
15,3,4.063867092132568,4.240725517272949,4.142857142857142
15,4,4.354400157928467,4.152141571044922,4.357142857142857
15,5,4.437986850738525,4.471823692321777,4.571428571428571
15,6,4.58048677444458,4.601376056671143,4.785714285714286
15,7,5.005343437194824,4.9424262046813965,5.0
15,8,4.995355129241943,5.115713596343994,5.214285714285714
15,9,5.580077648162842,5.666172027587891,5.428571428571429
15,10,5.459804534912109,5.5989789962768555,5.642857142857142
15,11,5.745723247528076,5.933072566986084,5.857142857142858
15,12,6.0237884521484375,5.482686996459961,6.071428571428571
15,13,5.571744918823242,6.6841888427734375,6.285714285714286
15,14,11.617833137512207,,6.5
16,0,,-1.5627920627593994,3.5
16,1,3.7372703552246094,4.51063346862793,3.7
16,2,3.0621774196624756,2.6605005264282227,3.9
16,3,3.843700408935547,4.048821926116943,4.1
16,4,4.28618049621582,4.361640453338623,4.3
16,5,4.382482528686523,4.242105007171631,4.5
16,6,4.587276458740234,4.585765838623047,4.7
16,7,4.738924980163574,4.835604667663574,4.9
16,8,5.117188453674316,5.09235143661499,5.1
16,9,5.155939102172852,5.16713285446167,5.3
16,10,5.478143215179443,5.740631580352783,5.5
16,11,5.740475654602051,5.933233737945557,5.699999999999999
16,12,6.2509894371032715,6.107216835021973,5.9
16,13,5.652468204498291,4.144751071929932,6.1
16,14,4.928740978240967,6.7470221519470215,6.3
16,15,11.621125221252441,,6.5
17,0,,-1.570961833000183,3.5
17,1,3.3244006633758545,4.588734149932861,3.6875
17,2,3.5866870880126953,3.2969298362731934,3.875
17,3,3.8685474395751953,4.020552635192871,4.0625
17,4,3.867149829864502,3.8400015830993652,4.25
17,5,4.303649425506592,4.21319580078125,4.4375
17,6,4.568678855895996,4.670193672180176,4.625
17,7,4.67185115814209,4.601016521453857,4.8125
17,8,4.99711275100708,4.991805553436279,5.0
17,9,5.068876266479492,5.117157936096191,5.1875
17,10,5.28427267074585,5.342741966247559,5.375
17,11,5.57423210144043,5.764005661010742,5.5625
17,12,5.483888149261475,5.819602966308594,5.75
17,13,6.492883205413818,6.098396301269531,5.9375
17,14,5.568366527557373,4.515964508056641,6.125
17,15,5.166835784912109,6.7470221519470215,6.3125
17,16,11.621125221252441,,6.5
18,0,,-1.570961833000183,3.5
18,1,3.3244006633758545,4.5741448402404785,3.676470588235294
18,2,3.799389362335205,2.8259785175323486,3.8529411764705883
18,3,3.579256057739258,3.7703256607055664,4.029411764705882
18,4,3.9928221702575684,4.352675437927246,4.205882352941177
18,5,4.49527645111084,4.165682792663574,4.382352941176471
18,6,4.398208141326904,4.431921482086182,4.5588235294117645
18,7,4.457601547241211,4.4474968910217285,4.735294117647059
18,8,4.8518757820129395,4.888953685760498,4.911764705882353
18,9,5.10842752456665,5.084712505340576,5.088235294117647
18,10,5.0057878494262695,5.066921710968018,5.264705882352941
18,11,5.629680633544922,5.829962730407715,5.4411764705882355
18,12,5.646284103393555,5.639172554016113,5.617647058823529
18,13,5.470283508300781,5.751065731048584,5.794117647058823
18,14,6.463761329650879,6.167623996734619,5.970588235294118
18,15,5.635893821716309,4.64473819732666,6.147058823529411
18,16,5.417637348175049,6.7470221519470215,6.323529411764706
18,17,11.621125221252441,,6.5
19,0,,-1.6407312154769897,3.5
19,1,3.5672976970672607,4.857502460479736,3.6666666666666665
19,2,4.154836654663086,3.0562527179718018,3.8333333333333335
19,3,3.6301512718200684,3.7325873374938965,4.0
19,4,3.817063808441162,4.218902111053467,4.166666666666667
19,5,4.449425220489502,4.182992458343506,4.333333333333333
19,6,4.228123664855957,4.134822845458984,4.5
19,7,4.509825229644775,4.711998462677002,4.666666666666667
19,8,4.652964115142822,4.576993942260742,4.833333333333333
19,9,5.00882625579834,5.057145595550537,5.0
19,10,5.15498685836792,5.139763832092285,5.166666666666667
19,11,5.219226360321045,5.2165679931640625,5.333333333333334
19,12,5.345068454742432,5.589968681335449,5.5
19,13,5.828321933746338,5.927733898162842,5.666666666666666
19,14,5.906893253326416,6.114786624908447,5.833333333333334
19,15,6.211424350738525,5.85492467880249,6.0
19,16,5.507057189941406,4.913506031036377,6.166666666666666
19,17,6.092348575592041,6.724551200866699,6.333333333333333
19,18,11.618738174438477,,6.5
20,0,,-1.6407312154769897,3.5
20,1,3.5672976970672607,5.235429763793945,3.6578947368421053
20,2,3.721468210220337,3.0472683906555176,3.8157894736842106
20,3,3.5581045150756836,3.4494173526763916,3.973684210526316
20,4,3.528179168701172,3.8517987728118896,4.131578947368421
20,5,4.3542351722717285,4.095019340515137,4.2894736842105265
20,6,4.234882831573486,4.0574951171875,4.447368421052632
20,7,4.648133277893066,4.800179481506348,4.605263157894736
20,8,4.680744647979736,4.455286979675293,4.7631578947368425
20,9,4.805835723876953,4.817564487457275,4.921052631578947
20,10,5.072484016418457,5.134790420532227,5.078947368421053
20,11,4.9817681312561035,4.904131889343262,5.2368421052631575
20,12,5.321041584014893,5.536621570587158,5.394736842105263
20,13,5.566354751586914,5.681059837341309,5.552631578947368
20,14,5.727838039398193,5.941291332244873,5.7105263157894735
20,15,6.15062141418457,6.232633113861084,5.868421052631579
20,16,6.411896228790283,6.002656936645508,6.026315789473684
20,17,5.177692413330078,4.989888668060303,6.184210526315789
20,18,6.360041618347168,7.299476623535156,6.342105263157895
20,19,11.619592666625977,,6.5
21,0,,-1.6407312154769897,3.5
21,1,3.5672976970672607,4.656339168548584,3.65
21,2,3.0577621459960938,2.6725962162017822,3.8
21,3,3.251278877258301,3.4449825286865234,3.95
21,4,3.9659218788146973,4.300956726074219,4.1
21,5,4.153802871704102,4.405181407928467,4.25
21,6,4.510875701904297,4.195847988128662,4.4
21,7,4.48862361907959,4.394705295562744,4.55
21,8,4.386574745178223,4.4330902099609375,4.7
21,9,4.7045769691467285,4.665957450866699,4.85
21,10,4.9892778396606445,5.045688152313232,5.0
21,11,5.0586347579956055,5.065598487854004,5.15
21,12,5.162603855133057,5.24264669418335,5.3
21,13,5.649211406707764,5.673657417297363,5.45
21,14,5.598705291748047,5.56685209274292,5.6
21,15,5.299271583557129,5.865122318267822,5.75
21,16,6.561063766479492,6.198707580566406,5.9
21,17,6.289831161499023,5.171664237976074,6.05
21,18,4.7562031745910645,5.010753631591797,6.2
21,19,6.358489990234375,7.8807220458984375,6.35
21,20,11.622955322265625,,6.5
22,0,,-1.6897751092910767,3.5
22,1,2.502664804458618,3.4217634201049805,3.642857142857143
22,2,3.6953868865966797,4.3711724281311035,3.7857142857142856
22,3,2.954449415206909,2.591702461242676,3.9285714285714284
22,4,4.030635833740234,4.328995227813721,4.071428571428571
22,5,3.9360687732696533,4.2247114181518555,4.214285714285714
22,6,4.390859127044678,3.9763920307159424,4.357142857142857
22,7,4.079634666442871,4.1906657218933105,4.5
22,8,4.6186981201171875,4.83093786239624,4.642857142857142
22,9,4.689482688903809,4.47876501083374,4.785714285714286
22,10,4.889941215515137,4.880418300628662,4.928571428571429
22,11,5.0256452560424805,5.126955509185791,5.071428571428571
22,12,5.105721950531006,4.953192234039307,5.214285714285714
22,13,5.153708457946777,5.3645830154418945,5.357142857142858
22,14,5.4908905029296875,5.662864685058594,5.5
22,15,5.888524532318115,6.085729598999023,5.642857142857142
22,16,5.559489727020264,5.905755996704102,5.785714285714286
22,17,6.709992408752441,6.016913414001465,5.928571428571429
22,18,5.723379135131836,4.007307529449463,6.071428571428571
22,19,4.290497779846191,6.071587085723877,6.214285714285714
22,20,5.563206672668457,7.030857563018799,6.357142857142857
22,21,11.615516662597656,,6.5
23,0,,-1.634255051612854,3.5
23,1,4.285543918609619,4.285543918609619,3.6363636363636362
23,2,4.254797458648682,4.1953301429748535,3.7727272727272725
23,3,3.838736057281494,2.8689661026000977,3.909090909090909
23,4,3.514810562133789,3.5531280040740967,4.045454545454545
23,5,3.7553977966308594,4.336024761199951,4.181818181818182
23,6,4.46658182144165,3.9948389530181885,4.318181818181818
23,7,4.002919673919678,3.771726131439209,4.454545454545455
23,8,4.589237213134766,4.699946880340576,4.590909090909091
23,9,4.638151168823242,4.559447288513184,4.7272727272727275
23,10,4.549740791320801,4.527204990386963,4.863636363636363
23,11,5.043153285980225,5.178788661956787,5.0
23,12,5.044064044952393,4.9849114418029785,5.136363636363637
23,13,5.051446437835693,4.957441806793213,5.272727272727273
23,14,5.364363670349121,5.676419258117676,5.409090909090909
23,15,5.638749599456787,5.674138069152832,5.545454545454545
23,16,5.718671798706055,5.862195014953613,5.681818181818182
23,17,5.671158313751221,6.270102500915527,5.818181818181818
23,18,6.794885158538818,6.080605983734131,5.954545454545455
23,19,5.886054039001465,4.2136616706848145,6.090909090909091
23,20,4.629685878753662,6.08792781829834,6.227272727272727
23,21,6.03757381439209,7.312624454498291,6.363636363636363
23,22,11.61407470703125,,6.5
